Slot,Design,Gene,Design Type,Reference File,Item Type,Name,Sequence To Order,Spacer,PAM,Strand,Length,Linked Guide,Recommended,Notes
1,SCN5A P155-SPOT-W156 internal KI,SCN5A,Internal tag knockin,scn5a-ensg00000183873.gb,gRNA,SCN5A_P155_SPOT_gRNA1,TCGACATACTTGGTCCAGGG,TCGACATACTTGGTCCAGGG,TGG,-,20,,Yes,Primary guide. Cut exactly at the insertion junction.
1,SCN5A P155-SPOT-W156 internal KI,SCN5A,Internal tag knockin,scn5a-ensg00000183873.gb,gRNA,SCN5A_P155_SPOT_gRNA2,CCCAGCACGACCCTCCACCC,CCCAGCACGACCCTCCACCC,TGG,+,20,,Backup,Backup guide. Cut 3 bp upstream of the insertion junction.
1,SCN5A P155-SPOT-W156 internal KI,SCN5A,Internal tag knockin,scn5a-ensg00000183873.gb,gRNA,SCN5A_P155_SPOT_gRNA3,CACTCGACATACTTGGTCCA,CACTCGACATACTTGGTCCA,GGG,-,20,,Backup,Backup guide. Cut 3 bp downstream of the insertion junction.
1,SCN5A P155-SPOT-W156 internal KI,SCN5A,Internal tag knockin,scn5a-ensg00000183873.gb,Primer,SCN5A_P155_SPOT_Fw,GAAAGAGACCAGCCTGGGTGGAGG,,,,24,,Yes,Validation primer
1,SCN5A P155-SPOT-W156 internal KI,SCN5A,Internal tag knockin,scn5a-ensg00000183873.gb,Primer,SCN5A_P155_SPOT_Rev,ACTTTCTACTTTGCCACTCTGGAG,,,,24,,Yes,Validation primer
1,SCN5A P155-SPOT-W156 internal KI,SCN5A,Internal tag knockin,scn5a-ensg00000183873.gb,HDR donor,SCN5A_P155_SPOT_ssODN1,TCATCATGTGCACCATCCTCACCAACTGCGTGTTCATGGCCCAGCACGACCCTCCACCCTGACCGCGTGCGCGCCGTGAGCCATTGGAGCAGCGGACAAAGTATGTCGAGTGAGTATCTTCAGGGCCTCTTCTCCACGTGGCCCCCTCCCTTC,,,recommended order strand,153,SCN5A_P155_SPOT_gRNA1,Yes,Recommended order strand. Includes silent seed change T157 ACC->ACA to reduce re-cutting.
2,SCN5A W156-alphaBungarotoxin-T157 internal KI,SCN5A,Internal tag knockin,scn5a-ensg00000183873.gb,gRNA,SCN5A_W156_alphaBtx_gRNA1,CACTCGACATACTTGGTCCA,CACTCGACATACTTGGTCCA,GGG,-,20,,Yes,Primary guide. Cut exactly at the insertion junction.
2,SCN5A W156-alphaBungarotoxin-T157 internal KI,SCN5A,Internal tag knockin,scn5a-ensg00000183873.gb,gRNA,SCN5A_W156_alphaBtx_gRNA2,TCGACATACTTGGTCCAGGG,TCGACATACTTGGTCCAGGG,TGG,-,20,,Backup,Backup guide. Cut 3 bp upstream of the insertion junction.
2,SCN5A W156-alphaBungarotoxin-T157 internal KI,SCN5A,Internal tag knockin,scn5a-ensg00000183873.gb,gRNA,SCN5A_W156_alphaBtx_gRNA3,CCCAGCACGACCCTCCACCC,CCCAGCACGACCCTCCACCC,TGG,+,20,,Backup,Backup guide. Cut 6 bp upstream of the insertion junction.
2,SCN5A W156-alphaBungarotoxin-T157 internal KI,SCN5A,Internal tag knockin,scn5a-ensg00000183873.gb,Primer,SCN5A_W156_alphaBtx_Fw,AGAGACCAGCCTGGGTGGAGGGGG,,,,24,,Yes,Validation primer
2,SCN5A W156-alphaBungarotoxin-T157 internal KI,SCN5A,Internal tag knockin,scn5a-ensg00000183873.gb,Primer,SCN5A_W156_alphaBtx_Rev,GAAACTTTCTACTTTGCCACTCTG,,,,24,,Yes,Validation primer
2,SCN5A W156-alphaBungarotoxin-T157 internal KI,SCN5A,Internal tag knockin,scn5a-ensg00000183873.gb,HDR donor,SCN5A_W156_alphaBtx_ssODN1,TCATGTGCACCATCCTCACCAACTGCGTGTTCATGGCCCAGCACGACCCTCCACCCTGGACGATACTATGAAAGCAGTCTAGAGCCTTACCCAGACCCAAATATGTCGAGTGAGTATCTTCAGGGCCTCTTCTCCACGTGGCCCCCTCCCTTCCTT,,,recommended order strand,156,SCN5A_W156_alphaBtx_gRNA1,Yes,Recommended order strand. Includes silent seed change K158 AAG->AAA to reduce re-cutting.
